x,y
1.7752178969499963,-12.395516
1.6736254120603036,-12.372126171944632
1.5321968693467376,-12.324951150053332
1.390768326633168,-12.259685349192104
1.3185837755237615,-12.216538462311558
1.2493397839196003,-12.176749967390109
1.1079112412060326,-12.074872756006188
1.064813594431826,-12.037560924623117
0.9664826984924648,-11.951317200761128
0.8786257099976881,-11.858583386934674
0.8250541557788971,-11.79776843288966
0.7360344197638665,-11.679605849246231
0.6836256130653293,-11.597753229356933
0.6280885667731385,-11.50062831155779
0.5498374606421726,-11.321650773869347
0.5421970703517616,-11.298750456296633
0.4908374404578181,-11.142673236180904
0.4509561523936548,-10.963695698492463
0.4254743871754569,-10.78471816080402
0.4104735224194257,-10.60574062311558
0.4030479760798106,-10.426763085427137
0.4008954338043791,-10.247785547738694
0.4019792396301971,-10.068808010050253
0.4041350414964855,-9.88983047236181
0.4044867238322324,-9.710852934673367
0.4007685276381938,-9.592072645212674
0.398635260921858,-9.531875396984926
0.3809169013664019,-9.352897859296483
0.3449528614274433,-9.17392032160804
0.2844303449723062,-8.9949427839196
0.259339984924626,-8.943732055062998
0.1950770149179624,-8.815965246231157
0.1179114422110565,-8.69945691879198
0.0695841497965289,-8.636987708542716
-0.0235171005025112,-8.538453980997728
-0.1284296675477574,-8.458010170854273
-0.1649456432160789,-8.433359966558433
-0.3063741859296467,-8.378904702485265
-0.4478027286432144,-8.363838675357673
-0.5892312713567822,-8.38310698728365
-0.73065981407035,-8.42906650044305
-0.8007773541027456,-8.546825960327958
-0.8720883567839177,-8.667227681371125
-1.0135168994974857,-8.810869947431383
-1.1549454422110532,-8.931900642553643
-1.296373984924621,-8.703181572311957
-1.4378025276381887,-8.676378172082769
-1.5202799471928052,-8.642220697170062
-1.5792310703517565,-8.600912614891119
-1.6479379355496082,-8.515874738428987
-1.7049714750112437,-8.36321299021423
-1.7206596130653242,-8.27558728421969
-1.7290028149998156,-8.236867031473157
-1.7418853110289694,-8.084205283258399
-1.763132541450943,-8.681543535043641
-1.8139189465987704,-8.428881786828883
-1.862088155778892,-8.271213223075549
-1.9326193904199669,-8.10253582808781
-2.0035166984924597,-8.473076409608527
-2.1449452412060275,-8.079052482933857
-2.286373783919597,-9.050654226120288
-2.4278023266331648,-8.504762011949794
-2.5692308693467325,-8.484433700339755
-2.7106594120603003,-8.482018521655412
-2.852087954773868,-8.492130294483665
-2.8622362289967467,-8.445383331461628
-2.993516497487436,-8.466188713290611
-3.1349450402010035,-8.49260729366689
-3.185252360884564,-8.46849042380594
-3.2763735829145713,-8.466450164011587
-3.417802125628139,-8.484907454376945
-3.552774523254944,-8.491597516150252
-3.559230668341707,-8.442387739577384
-3.7006592110552745,-8.448530699209703
-3.8420877537688423,-8.451501528946604
-3.98351629648241,-8.456237374157892
-3.99729603780632,-8.410790978265146
-4.124944839195978,-8.419895847143662
-4.2663733819095455,-8.44268266192668
-4.340435859648557,-8.433898070609459
-4.407801924623115,-8.448029713481002
-4.549230467336683,-8.509900770042849
-4.634629256564492,-8.535952531374823
-4.6906590100502505,-8.54550365290389
-4.832087552763818,-8.608076687949419
-4.927261852202485,-8.63800699214019
-4.973516095477386,-8.64191668276339
-5.114944638190954,-8.707427590629248
-5.209129477662937,-8.740061452905556
-5.2563731809045215,-8.747661161414527
-5.397801723618089,-8.822887757578886
-5.461663982197997,-8.84211591367092
-5.539230266331657,-8.877927379325323
-5.680658809045225,-8.957631038370032
-5.6970361984229285,-8.944170374436284
-5.8220873517587926,-9.020102708431232
-5.93032594630911,-9.071865860842676
-5.96351589447236,-9.072101279793808
-6.104944437185928,-9.150944109456377
-6.178155867681193,-9.17392032160804
-6.246372979899496,-9.224004203621556
-6.387801522613064,-9.31897240381741
-6.442143401921006,-9.352897859296483
-6.529230065326631,-9.414599792275864
-6.6706586080402,-9.504309436960936
-6.717343277723088,-9.531875396984926
-6.812087150753768,-9.596455811932028
-6.9535156934673354,-9.68042210330043
-7.010897913511306,-9.710852934673367
-7.094944236180903,-9.762838855327868
-7.236372778894472,-9.837031797997067
-7.361115826110863,-9.88983047236181
-7.37780132160804,-9.898288903405655
-7.519229864321607,-9.960456130636937
-7.660658407035175,-10.008756208010718
-7.802086949748743,-10.046643590709529
-7.90426324042769,-10.068808010050253
-7.943515492462312,-10.079689868498503
-8.084944035175878,-10.112469374173926
-8.226372577889446,-10.138615479451452
-8.367801120603014,-10.158956989994667
-8.509229663316582,-10.117961304228913
-8.650658206030151,-10.070648118910654
-8.792086748743717,-10.016133771315864
-8.933515291457287,-9.953281795345436
-9.074943834170853,-9.880666147131958
-9.216372376884422,-9.796438974853967
-9.357800919597988,-9.698130774050941
-9.403761889761553,-9.624363565605808
-9.499229462311558,-9.535192685705582
-9.640658005025124,-9.469330498746768
-9.768752989628348,-9.445386027917365
-9.782086547738691,-9.492565634383396
-9.92351509045226,-9.442469234988376
-9.993200491666242,-9.433075156895589
-10.064943633165829,-9.409544497319702
-10.142519107239703,-9.36520873031826
-10.206372175879396,-9.305310361489509
-10.23928168812923,-9.297342303740928
-10.296798295137728,-9.17392032160804
-10.319964796853222,-8.9949427839196
-10.314905550857754,-8.815965246231157
-10.283787154777784,-8.636987708542716
-10.225887016688018,-8.458010170854273
-10.206372175879396,-8.414363732820636
-9.900053007585488,-8.27903263316583
-9.850657918880115,-8.120639314231
-9.876095909972339,-8.100055095477387
-9.811615599012772,-7.921077557788946
-9.816372233309403,-7.870641203659028
-9.780844524786778,-7.742100020100503
-9.746372262024405,-7.624137351755229
-9.74994742266272,-7.563122482412061
-9.40185785841501,-7.384144944723619
-9.43232467169179,-7.36378802558144
-9.349000056083868,-7.205167407035177
-9.324229462311557,-7.070632284114625
-9.347155107429655,-7.0261898693467355
-9.215540964501185,-6.847212331658294
-9.207800919597988,-6.729642513979107
-9.03617908797139,-6.668234793969851
-8.975024406576651,-6.489257256281409
-8.916372376884421,-6.325464939077049
-8.911852346067528,-6.310279718592966
-8.861882160309984,-6.131302180904524
-8.960210645720343,-5.952324643216082
-8.924943834170852,-5.83174457197639
-8.91088504185236,-5.77334710552764
-8.86885656104233,-5.594369567839197
-8.823480809773503,-5.415392030150755
-8.833515291457287,-5.273002496758351
-8.824862022272939,-5.2364144924623135
-8.779754976508649,-5.057436954773871
-8.725918095092513,-4.878459417085429
-8.692086748743717,-4.781244556030405
-8.667267837200416,-4.699481879396987
-8.605220142956918,-4.520504341708545
-8.550658206030151,-4.3891375543214455
-8.532761050449494,-4.341526804020102
-8.457250055493162,-4.162549266331661
-8.249229663316582,-4.065757499550006
-8.200923949876303,-3.983571728643218
-8.093352874598027,-3.8045941909547754
-8.077801120603015,-3.795142718270506
-7.971464110436065,-3.6256166532663343
-7.916372577889446,-3.5550394124511056
-7.838518475979935,-3.4466391155778915
-7.754944035175878,-3.3382984377828344
-7.6978793399325145,-3.2676615778894487
-7.593515492462311,-3.133619847720395
-7.55252040298963,-3.0886840402010076
-7.432086949748743,-2.9342224747313557
-7.404870063586125,-2.909706502512565
-7.270658407035175,-2.735373788583541
-7.257388509492612,-2.730728964824122
-6.878128146873489,-2.551751427135681
-6.8492298643216065,-2.5197084023588805
-6.754351281901567,-2.372773889447238
-6.687801321608039,-2.245570317210724
-6.6561316593288735,-2.1937963517587953
-6.71937237683051,-1.814818814070354
-6.9949873340828255,-1.635841276381911
-7.0478013216080395,-1.711885088124863
-7.203330439768441,-1.0568637386934703
-7.269229864321607,-1.5297039788965539
-7.660658407035175,-1.4809346807347163
-7.663140861467118,-1.4778862010050275
-7.776899795772867,-1.2989086633165847
-7.802086949748743,-1.2276207478431205
-7.834109642626262,-1.1199311256281437
-7.852990729170655,-0.9409535879397009
-7.347089836018755,-0.7619760502512581
-7.327670432806333,-0.582998512562817
-7.306589060274764,-0.4040209748743741
-7.302086949748743,-0.3194491495952273
-7.29792709974072,-0.2250434371859313
-7.302086949748743,-0.1604497659321708
-7.311453320481227,-0.0460658994974902
-7.359440060437542,0.1329116381909525
-7.443515492462311,0.3099082117187047
-7.444807927413627,0.5118891758793935
-7.584944035175878,0.6786815967902964
-7.596575252967396,0.6908667135678364
-7.726372577889446,0.8303229266158318
-8.258375112997816,0.6698442512562793
-8.363093071742801,0.8488217889447203
-8.367801120603014,0.8633426856831737
-8.414575134357493,1.027799326633163
-8.426182573918194,1.206776864321606
-8.405759381605506,1.385754402010047
-7.867801120603014,1.526022869784344
-7.857893785592356,1.5647319396984898
-7.792918815072845,1.7437094773869326
-7.726372577889446,1.896398577760512
-7.715965348456379,1.9226870150753737
-7.6472455249810825,2.1016645527638165
-7.585402149293305,2.2806420904522593
-7.58494403517588,2.2822371330339513
-7.54449974790001,2.4596196281407003
-7.512988593864394,2.638597165829143
-7.588352055185944,2.617574703517584
-7.46865403979048,2.996552241206027
-7.453005151698746,3.17552977889447
-7.443515492462311,3.333349524216857
-7.642493664977694,3.354507316582911
-7.640113940410425,3.5334848542713537
-7.443515492462311,3.619709644859565
-7.448386324650246,3.712462391959797
-7.273865309516066,4.0914399296482395
-7.315501896164535,4.270417467336679
-8.068049056037813,4.2493950050251215
-8.084944035175878,4.302688889284366
-8.131558147188873,4.428372542713564
-8.689437845085198,4.607350080402007
-8.726372577889446,4.761006831863669
-7.733331999826861,4.78632761809045
-8.262665439447852,5.165305155778893
-8.270954663824888,5.144282693467332
-8.26252747929308,5.323260231155775
-8.24559138450796,5.502237768844218
-7.735071249528113,5.6812153065326605
-7.252884510531134,5.585192844221104
-7.318553993464947,6.155837048576209
-7.267801120603014,6.423023819441799
-7.438000227590761,6.718147919597985
-8.009229663316582,6.802696253922777
-8.584373581764575,6.897125457286428
-8.650658206030151,6.983612173411099
-8.714618951582736,7.07610299497487
-8.792086748743717,7.225459774381805
-8.806666567700612,6.955080532663314
-8.865279922750716,7.134058070351757
-8.88985648692261,7.113035608040196
-8.886922740061555,7.292013145728639
-8.858297996391165,7.470990683417082
-8.701360237753404,7.649968221105524
-8.017086748743717,7.670638409737947
-8.07487442438911,7.828945758793967
-8.07565820603015,7.956875531824208
-8.02119214075489,8.00792329648241
-8.009229663316582,8.170779723079908
-7.748046193913826,8.18690083417085
-7.617801120603014,8.360329823940916
-7.613646479674415,8.365878371859292
-7.47679183306251,8.544855909547735
-7.476372577889446,8.545409157383949
-7.470494666608502,8.72383344723618
-7.384944035175878,8.73837554311016
-7.4463792321501385,8.90281098492462
-7.443515492462311,8.943169546992364
-7.353080449260616,9.08178852261306
-7.502086949748743,9.158514738416647
-7.437774020154057,9.260766060301505
-7.410658407035175,9.379190181198364
-7.373116549434381,9.439743597989946
-7.269229864321607,9.60059678000401
-7.258031964576312,9.618721135678388
-7.146613571196897,9.797698673366831
-7.12780132160804,9.827131932518428
-7.038433803141563,9.976676211055274
-6.886372778894472,10.060892693689835
-6.83227341149877,10.155653748743712
-6.7449442361809036,10.30519772503475
-6.729334733630963,10.334631286432156
-6.637072523890308,10.5136088241206
-6.603515693467336,10.577663226677393
-6.550691997172674,10.692586361809042
-6.463512504232005,10.871563899497486
-6.462087150753768,10.874522306728304
-6.389000200822068,11.050541437185924
-6.3206586080402,11.198128713985636
-6.308022956083166,11.229518974874368
-6.235376959859665,11.40849651256281
-6.179230065326632,11.534081482262868
-6.1587044340313115,11.587474050251252
-6.089392241580618,11.766451587939695
-6.037801522613065,11.8905898747963
-6.018529077713821,11.945429125628138
-6.0568177173533,12.124406663316575
-5.996372979899496,12.285806949893342
-5.990894645052104,12.30338420100502
-5.937609305764787,12.482361738693465
-5.8788996391732296,12.661339276381906
-5.854944437185929,12.730532615492551
-5.8246778105104005,12.840316814070349
-5.772471563185393,13.019294351758788
-5.71351589447236,13.19713995727922
-5.713218289260925,13.19827188944723
-5.666940144691291,13.377249427135672
-5.61641259070031,13.556226964824116
-5.472087351758793,13.70122197463025
-5.464052090656335,13.73520450251256
-5.422701394387064,13.914182040201002
-5.379337073235393,14.09315957788944
-5.334069963189033,14.272137115577884
-5.330658809045225,14.286510999162278
-5.301799409589117,14.451114653266329
-5.271820761977225,14.63009219095477
-5.243295522095824,14.809069728643212
-5.21603592703324,14.988047266331655
-5.189248328582176,15.167024804020096
-5.189230266331657,15.16714927471704
-5.170609642327392,15.346002341708536
-5.150464618589329,15.52497987939698
-5.12720268487373,15.703957417085425
-5.098971036230275,15.882934954773866
-5.063551143399011,16.061912492462305
-5.04780172361809,16.128894969528428
-5.026914102523284,16.240890030150748
-4.986173836162781,16.41986756783919
-4.933727687974219,16.598845105527634
-4.906373180904522,16.677463836281778
-4.8753730346107895,16.777822643216076
-4.808710641664797,16.95680018090452
-4.764944638190954,17.054637724375624
-4.729352547974939,17.13577771859296
-4.636414213936493,17.5147552562814
-4.623516095477386,17.537253535822355
-4.426194589974527,17.69373279396984
-4.382087552763819,17.756905108121547
-4.433664485031241,17.882710331658288
-4.390659010050251,17.96646862451212
-4.449230467336683,17.917036848632137
-4.417644895012549,17.967959055787407
-4.407801924623114,18.062077004849108
-4.2663733819095455,17.92435385416811
-4.124944839195978,18.135481783952997
-4.02423305078612,18.109653971041645
-3.98351629648241,18.116624643034893
-3.8659256064501366,18.001523890980323
-3.8420877537688423,17.994534171836335
-3.780845473646728,17.893393810918997
-3.725369274038414,17.749840002044113
-3.700659211055275,17.68184092697078
-3.681113156564854,17.641709921982788
-3.6366570076410505,17.49815611310791
-3.5894116574666626,17.354602304233026
-3.5592306683417068,17.392468830917913
-3.5264278426294355,17.346472224171706
-3.443038240429001,17.202918415296818
-3.417802125628139,17.229071150481047
-3.331336870500688,17.114788335235495
-3.2763735829145713,17.04668121441932
-3.198458620936549,16.96665825517417
-3.1349450402010035,16.896207273403757
-3.054435512354757,16.818528175112846
-2.993516497487436,16.75180891014103
-2.91051348010701,16.670398095051524
-2.852087954773868,16.606924816547405
-2.761189242890418,16.5222680149902
-2.7106594120603003,16.477564445295346
-2.57424215150662,16.37413793492887
-2.5692308693467325,16.3851455648551
-2.4278023266331648,16.3156920812781
-2.286373783919597,16.271623766504923
-2.202616283860449,16.25685531249467
-2.1449452412060275,16.250874712715536
-2.0035166984924597,16.20818297836583
-1.862088155778892,16.151339408788726
-1.8188516119626412,16.13957269006047
-1.7206596130653242,16.19803436106018
-1.581991465333883,16.1769981655547
-1.5792310703517565,16.265548419973232
-1.4378025276381887,16.218086830175388
-1.4018709271200638,16.270958480973604
-1.096373984924621,16.34243821208002
-1.096000126781027,16.37393951202339
-1.0549454422110531,16.356977321170575
-1.0433564066068055,16.376920543073176
-1.0135168994974857,16.384011655770248
-0.9087529083705096,16.464346018567408
-0.8720883567839177,16.396116177110276
-0.7306598140703501,16.27523275090787
-0.5892312713567823,16.186447403239633
-0.4478027286432144,16.126905214580365
-0.3063741859296467,16.091358483364743
-0.1649456432160789,16.073987076078247
-0.0235171005025112,16.069583163297853
0.1179114422110565,16.074232420766204
0.259339984924626,16.085678880694616
0.302525013010464,16.093159577889438
0.4007685276381938,16.149881922681608
0.5421970703517616,16.230950373983223
0.6607899816893111,16.303008786280063
0.6836256130653292,16.32668076116351
0.8250541557788971,16.41640188342612
0.9664826984924648,16.49661129564383
1.0109096802609492,16.523148551571413
1.1079112412060326,16.571738454522503
1.2493397839196003,16.609133452830623
1.390768326633168,16.621131239196465
1.5321968693467376,16.649250931107257
1.551219930283671,16.715712447186153
1.6736254120603036,16.725509021788135
1.815053954773873,16.739373763428393
1.956482497487439,16.77629239656825
2.0979110402010086,16.84902914079901
2.1688572596891618,16.916371580896136
2.2393395829145746,16.988350371977855
2.3271692856969524,17.104184200640002
2.380768125628144,17.113044427396225
2.4512420426034813,17.095330153717192
2.52219666834171,17.077142327275368
2.5619846952200453,17.020920551238838
2.6636252110552796,17.07041123164531
2.664984824036925,16.946510948760476
2.7512856893531503,17.148794916365517
2.8050537537688456,17.129461041111398
2.834539735506534,17.07438531388716
2.9113386023350607,17.126669281492205
2.946482296482415,17.167857205525596
2.987770795379699,17.244799361553525
3.0699486903892845,17.398353170428404
3.087910839195981,17.407310447868184
3.163057745546608,17.52648325048973
3.2293393819095506,17.60529488158808
3.2815202283885028,17.504613330551056
3.3707679246231166,17.785188090861215
3.4442436375669727,17.832743410612377
3.512196467336686,17.866162031191028
3.653625010050256,17.44063602664291
3.686991237086348,17.435449761860145
3.7950535527638216,17.472680598544184
3.936482095477391,17.524172739134727
4.002671142012099,17.53815611310791
4.077910638190957,17.5575655946939
4.219339180904527,17.43215807955144
4.259278438009145,17.44086246435567
4.360767723618093,17.49780419215159
4.4745236396796795,17.568992544416993
4.502196266331662,17.565270118968577
4.643624809045228,17.642385915933737
4.747201379633975,17.67169889566476
4.785053351758798,17.66531365859752
4.926481894472364,17.682032847648486
5.067910437185933,17.663501634553718
5.209338979899499,17.6092716874208
5.29268278900388,17.54458025159696
5.350767522613069,17.4939835169045
5.492196065326635,17.3693464725693
5.298016387605893,17.3147552562814
5.383624608040204,17.230005270965638
5.458888447292722,17.13577771859296
5.52505315075377,17.047325414443026
5.5842076916361885,16.95680018090452
5.66648169346734,16.815988003881824
5.6877130320600955,16.777822643216076
5.778818653035078,16.598845105527634
5.807910236180909,16.535770531019317
5.862849042755149,16.41986756783919
5.938001290598371,16.240890030150748
5.949338778894475,16.213081225492513
6.016204021523486,16.061912492462305
6.08676074404881,15.882934954773866
6.090767321608045,15.872838842559482
6.1656982020878175,15.703957417085425
6.232195864321611,15.538025640941488
6.2381733678162075,15.52497987939698
6.320152770729446,15.346002341708536
6.37362440703518,15.21959739218157
6.39859399105084,15.167024804020096
6.479637969316806,14.988047266331655
6.515052949748746,14.9028007347454
6.557807413212367,14.809069728643212
6.62955691355078,14.63009219095477
6.656481492462316,14.55377647173602
6.697001557820372,14.451114653266329
6.7573038470848745,14.272137115577884
6.797910035175882,14.129264825206036
6.809987180188899,14.093159577889445
6.865055902425004,13.914182040201002
6.912720104378704,13.73520450251256
6.93933857788945,13.628148243700236
6.961017805067192,13.556226964824116
7.012193452477324,13.377249427135672
7.058789367300173,13.19827188944723
7.080767120603017,13.11063365669172
7.108991680925356,13.019294351758788
7.161539267525969,12.840316814070349
7.210295112413006,12.661339276381906
7.222195663316587,12.616958778569613
7.267431455402201,12.482361738693465
7.323022799946442,12.30338420100502
7.363624206030153,12.161266179385132
7.376811882818928,12.124406663316575
7.485846510896532,11.945429125628138
7.558790142185311,11.766451587939695
7.599497193188166,11.694838530330191
7.65548412429879,11.587474050251252
7.727215089139408,11.40849651256281
7.79175861366903,11.229518974874368
7.7964812914572885,11.154763477371866
7.811657173054772,11.050541437185924
7.838372504114546,10.871563899497485
7.85685203626278,10.692586361809042
7.846247064552618,10.5136088241206
7.7037585465851715,10.334631286432156
7.78527825522349,10.227626171326737
7.765308655956074,10.155653748743712
7.951194220272773,9.976676211055276
7.934683234144019,9.797698673366831
7.9185035575429135,9.618721135678388
7.906476046599533,9.439743597989944
7.903301711774282,9.260766060301505
7.913508620090688,9.08178852261306
7.916180482147585,8.984371956340865
7.820688099921784,8.90281098492462
7.845572764466588,8.723833447236178
7.8119949897734315,8.676145064132385
7.835873598635994,8.544855909547735
8.067458620206299,8.4549028550588
8.105052234330284,8.365878371859292
8.156255583972497,8.247406210709403
8.17279126531768,8.08690083417085
8.245052547738698,7.912351721188218
8.747721997876841,7.90792329648241
8.826469861880812,7.828945758793967
8.86609295008437,7.649968221105524
9.373261777202309,7.470990683417082
9.350656090818378,7.292013145728639
9.297197191607882,7.113035608040196
9.245052547738698,7.202815686544985
8.713067599531565,7.134058070351757
8.353624005025129,6.763107626789436
9.073273695536129,5.755080532663314
8.562195462311562,5.981823006766217
8.282568840388624,6.576102994974871
7.9707669195979935,7.211638398928424
7.984447431893018,7.197125457286429
7.983546657184218,6.618147919597986
7.779338376884427,6.210902930298123
7.90128705337271,6.039170381909543
7.841941541860579,5.860192844221102
7.8379098341708575,5.841302193425776
7.81264433091054,5.6812153065326605
7.846124741626219,5.502237768844218
7.861058611255725,5.323260231155775
7.727631477535966,5.144282693467332
8.09205786450017,4.965305155778893
7.951800785057263,4.78632761809045
7.530523572462069,4.607350080402007
7.577846984147839,4.428372542713563
7.546481291457287,4.393034644278867
7.501639395133628,4.2493950050251215
7.749251320336854,4.070417467336679
7.694598873981058,3.8914399296482394
7.637807676673818,3.712462391959797
7.580052748743722,3.5415592757351573
7.553858296605175,3.5334848542713537
7.502870016014137,3.354507316582911
7.450143008192489,3.17552977889447
7.394549611919792,2.9965522412060275
7.334660810644004,2.817574703517584
7.2886242060301525,2.720268773892662
7.250526935104307,2.638597165829143
7.195141762503793,2.4596196281407003
7.136559899669026,2.2806420904522593
7.074621443789397,2.1016645527638165
7.0221956633165865,1.9771494040649913
6.988322809220686,1.9226870150753737
6.933797248193349,1.7437094773869326
6.902288034871135,1.5647319396984898
6.894294483569117,1.385754402010047
6.883398699550385,1.211022626138461
6.9090257848140535,1.206776864321606
6.905591900689412,1.027799326633163
6.899199683435621,0.8488217889447203
6.889192995420277,0.6698442512562792
6.8747651928849,0.4908667135678364
6.899864893678925,0.4855177795385483
6.895481832225383,0.3118891758793936
6.88696397995539,0.1329116381909525
6.873349567293809,-0.0460658994974903
6.863699508860092,-0.185582899775901
6.8815805660643345,-0.2250434371859313
6.867143836551234,-0.4040209748743741
6.7768291014231306,-0.582998512562817
6.702534124041263,-0.6814494795009246
6.639231043571947,-0.761976050251258
6.525411324883131,-0.9409535879397009
6.515052949748746,-1.0059728000245014
6.46046332412005,-1.1199311256281437
6.37362440703518,-1.2620617245934964
6.354522780778471,-1.2989086633165847
6.251656664924747,-1.4778862010050275
6.232195864321611,-1.5085764227104623
6.156431262331674,-1.6568637386934704
6.090767321608045,-1.772415358652383
6.06052240368174,-1.8358412763819112
5.969208416928609,-2.0148188140703542
5.949338778894474,-2.0514150495033032
5.882630946107449,-2.1937963517587953
5.807910236180909,-2.332965307831741
5.7887200645984285,-2.372773889447238
5.694015232662039,-2.551751427135681
5.66648169346734,-2.5984686104136863
5.593942737939954,-2.730728964824122
5.52505315075377,-2.839729618726326
5.48230753019492,-2.909706502512565
5.383624608040204,-3.052104270300614
5.4578305177501365,-2.9886840402010075
5.342196065326634,-3.1372784937103
5.3164562985553925,-3.1676615778894486
5.200767522613068,-3.297271555355441
5.148907947782453,-3.4466391155778915
5.209338979899499,-3.3333789138233407
5.088555664182545,-3.225616653266334
4.567910437185933,-3.5432881753633616
3.4264818944723636,-3.7468701186199778
3.3244596111529177,-3.8045941909547754
3.2850533517587976,-3.83383830347365
3.143624809045228,-3.925835056301021
3.040530396149731,-3.983571728643218
3.002196266331662,-4.019717987232655
2.560767723618093,-4.145694549790198
2.541351960967746,-4.162549266331661
2.493278674214416,-4.541526804020102
2.560767723618093,-4.651993770331716
2.6066515280989107,-4.720504341708545
4.502196266331662,-4.793643329587893
4.64121316926454,-4.899481879396987
4.643624809045228,-4.900979796656117
4.785053351758798,-4.985664714240868
4.922867865490582,-5.078459417085429
4.926481894472364,-5.080937666457052
5.067910437185933,-4.994581984425013
5.127044508831689,-5.057436954773872
5.2093389798995,-5.1743026387191735
5.244440455049219,-5.2364144924623135
5.307223152017519,-5.415392030150755
5.334381192094505,-5.594369567839197
5.336381169603501,-5.77334710552764
5.319625629420679,-5.952324643216082
5.288279924577976,-6.131302180904524
5.2452662559349665,-6.310279718592966
5.209338979899499,-6.434879155725347
5.194509940000433,-6.489257256281409
5.142589613815203,-6.668234793969851
5.08759509527548,-6.847212331658293
5.067910437185933,-6.910360860110467
5.0347885651511,-7.0261898693467355
4.984315022423306,-7.205167407035177
4.932960105737036,-7.384144944723619
4.926481894472364,-7.407957557649805
4.887320285423188,-7.563122482412061
4.845429092548596,-7.742100020100504
4.813149297510193,-7.921077557788947
3.8105645565519204,-8.600055095477387
3.489987148690823,-8.77903263316583
3.7264818944723634,-8.809200599350422
4.067910437185933,-9.371552924582243
4.209338979899499,-9.390303559906414
5.350767522613069,-8.880578739785024
5.492196065326635,-8.850833055217718
5.633624608040204,-8.806221594869873
5.800977291547658,-8.77903263316583
5.870886484087103,-8.74481871733114
6.008148360134006,-8.67069074192121
6.1269020856554945,-8.600055095477387
6.141243569514242,-8.588101325474693
6.278505445561142,-8.18954358585929
6.36774913431378,-8.110551241999472
6.411600654941378,-8.0615614339052
6.548862530988277,-7.933580734705466
6.571080625797657,-7.899994756942609
6.681957740368514,-7.782114966584354
6.752530251039917,-7.699964587675219
6.815052949748745,-7.621507258443954
6.917756180542485,-7.49993441840783
6.948148159128983,-7.451522842397857
7.071436794428346,-7.2999042491404404
7.081243368509216,-7.273181689071739
7.217656206111834,-7.099874079873051
7.2143385778894515,-7.088323289118705
7.35160045393635,-6.908292218541857
7.354670057709647,-6.8893175948161876
7.484695663316587,-6.7144930396241005
7.49293232856426,-6.689287425548798
7.617790872696819,-6.518838801828441
7.629597506470971,-6.489257256281409
7.755052748743722,-6.332168762342624
7.773119992104455,-6.310279718592966
7.896481291457288,-6.151567639295787
7.912486911171896,-6.131302180904524
8.037909834170858,-5.959450211033753
8.043101440484977,-5.952324643216082
8.162599454516203,-5.77334710552764
8.179338376884427,-5.746418860349538
8.272147871559373,-5.594369567839197
8.320766919597993,-5.509256500341606
8.374457496362476,-5.415392030150755
8.462195462311563,-5.253461177071749
8.471717320894061,-5.2364144924623135
8.568776985799362,-5.057436954773871
8.603624005025129,-4.99252310941526
8.667484127966775,-4.878459417085429
8.745052547738698,-4.737741954230941
8.767816014603225,-4.699481879396987
8.872534695630677,-4.520504341708545
8.886481090452264,-4.496765898255991
8.985021916078445,-4.341526804020102
9.027909633165834,-4.271510550251706
9.100787800916985,-4.162549266331661
9.1693381758794,-4.051245977889908
9.214427890099282,-3.983571728643218
9.31076671859297,-3.8179234032945586
9.319035840095298,-3.8045941909547754
9.417611501758246,-3.6256166532663343
9.452195261306535,-3.5548058478062687
9.508183882277391,-3.4466391155778915
9.590729341992086,-3.2676615778894487
9.593623804020105,-3.2612515689389436
9.680167066887435,-3.0886840402010076
9.73505234673367,-2.9714093001207
9.76953579693169,-2.909706502512565
9.86265385510003,-2.730728964824122
9.87648088944724,-2.7030396623516073
9.968726673711354,-2.551751427135681
10.017909432160806,-2.4633572007508224
10.08082972396417,-2.372773889447238
10.159337974874376,-2.242889591446619
10.196305219920196,-2.1937963517587953
10.300766517587943,-2.021252697336931
10.305555302327717,-2.0148188140703542
10.412095691242108,-1.8358412763819112
10.442195060301511,-1.7708763792200708
10.500477369281493,-1.6568637386934704
10.566819179329118,-1.4778862010050275
10.58362360301508,-1.4289296341665485
10.632920635626135,-1.2989086633165847
10.68921037805935,-1.1199311256281437
10.725052145728649,-0.9969506679488804
10.744167198504249,-0.9409535879397009
10.803075968781304,-0.761976050251258
10.85414236140929,-0.582998512562817
10.866480688442216,-0.5399813316859998
10.912350685105752,-0.4040209748743741
10.964156809484672,-0.2250434371859313
11.007909231155782,-0.0538952901614725
11.01030225173064,-0.0460658994974902
11.062665183976732,0.1329116381909525
11.107145961798166,0.3118891758793936
11.147905088974678,0.4908667135678364
11.14933777386935,0.4969662334164617
11.194595658392808,0.6698442512562792
11.23705126161753,0.8488217889447203
11.27776977899753,1.027799326633163
11.290766316582918,1.0824725105113535
11.32431762345529,1.206776864321606
11.371898013369966,1.385754402010047
11.420071998612183,1.5647319396984898
11.432194859296487,1.6062085147528986
11.478438171874306,1.7437094773869326
11.53794439632341,1.9226870150753737
11.573623402010051,2.029541550382531
11.602059587104629,2.1016645527638165
11.666651484509288,2.2806420904522593
11.715051944723625,2.438041114031878
11.72297862522223,2.4596196281407003
11.776059601353154,2.638597165829143
11.813202992204856,2.817574703517584
11.838692569946415,2.9965522412060275
11.856480487437189,3.1721068147379614
11.85688944117792,3.17552977889447
11.874993135215895,3.354507316582911
11.893103796583116,3.5334848542713537
11.914258068489817,3.712462391959797
11.939451955766543,3.8914399296482394
11.968156326368051,4.070417467336679
11.997909030150758,4.242552022870756
11.999259152548012,4.2493950050251215
12.035207632190216,4.428372542713564
12.068681575053455,4.607350080402007
12.099397997227731,4.78632761809045
12.12766879109906,4.965305155778893
12.139337572864324,5.042839916997411
12.156842362117295,5.144282693467332
12.186020849997773,5.323260231155775
12.214344545583108,5.502237768844218
12.2429586709778,5.6812153065326605
12.272277292124972,5.860192844221103
12.280766115577894,5.910893988600263
12.304752448412527,6.039170381909543
12.335075231733052,6.218147919597985
12.36008382923753,6.397125457286428
12.378693386489752,6.576102994974872
12.390926428695806,6.755080532663314
12.39802162456243,6.934058070351757
12.40194719410658,7.113035608040196
12.404589641843812,7.292013145728639
12.407089488131126,7.470990683417082
12.409650188261272,7.649968221105524
12.411830069270112,7.828945758793966
12.413085378268216,8.00792329648241
12.41326432582357,8.18690083417085
12.412858371593082,8.365878371859292
12.413023437013912,8.544855909547735
12.415530752360706,8.723833447236178
12.42219465829146,8.888106114406805
12.42285504366694,8.90281098492462
12.439623329974657,9.08178852261306
12.469753973892692,9.260766060301505
12.519523371988816,9.439743597989944
12.56362320100503,9.544742471598587
12.613352961132351,9.618721135678388
12.7050517437186,9.719384536988857
12.846480286432165,9.962847253251919
12.987908829145734,9.695649349830786
13.047598669583154,9.618721135678388
13.1293373718593,9.470652107833343
13.140930887107912,9.439743597989946
13.188504534709937,9.260766060301505
13.219860565336258,9.08178852261306
13.24117102838959,8.90281098492462
13.256660744928167,8.723833447236178
13.269221831792285,8.544855909547735
13.27076591457287,8.520210325098644
13.27987408165579,8.365878371859292
13.290069043652894,8.18690083417085
13.300181693412892,8.00792329648241
13.310010163323645,7.828945758793967
13.329198450173688,7.649968221105524
13.347591629707619,7.470990683417082
13.365492220029873,7.292013145728638
13.383688368176232,7.113035608040196
13.403219392020665,6.934058070351757
13.424960390853297,6.755080532663314
13.44921472829582,6.576102994974871
13.47554622801776,6.397125457286428
13.502194457286436,6.225733316869001
13.51286260609529,6.218147919597985
13.537567285352607,6.039170381909542
13.560951573581375,5.860192844221103
13.582730766218356,5.6812153065326605
13.602961184122215,5.502237768844218
13.621963961509504,5.323260231155775
13.64020421524244,5.144282693467332
13.658054559875008,4.965305155778893
13.675437412712936,4.78632761809045
13.691509282902912,4.607350080402007
13.7546345471192,4.428372542713564
13.75275300592587,4.2493950050251215
13.743993907845567,4.070417467336679
13.727266050786758,3.8914399296482394
13.70260095532356,3.712462391959797
13.67112006087899,3.5334848542713537
13.662194457286438,3.495990687431675
13.626507050733002,3.367007316582911
13.576662542859989,3.1942797788944697
13.526273579562424,3.021552241206027
13.52076591457287,3.008663791022703
13.45885637003764,2.8550747035175843
13.3918800177308,2.6823471658291433
13.429337371859301,2.655316314113129
13.553839341792733,2.5158696281407003
13.487908829145734,2.3874398454118446
13.459181053203109,2.3493920904522594
13.352681612570432,2.1766645527638167
13.346480286432165,2.170820223321735
13.246278039882515,2.0101870150753736
13.2050517437186,1.928384278419078
13.173534671891296,1.8437094773869327
13.123627660024193,1.6709819396984897
13.103711008356168,1.498254402010047
13.125985325766031,1.3255268643216058
12.95481460583492,1.152799326633163
13.0250517437186,1.0703283982382068
13.05666215546552,0.9863217889447202
13.00295007153315,0.8135942512562793
13.025674065449005,0.6408667135678364
13.022508050425076,0.3118891758793936
12.999070544495922,0.1329116381909525
12.962813894884968,-0.0460658994974902
12.919669873697131,-0.2250434371859313
12.87327194561463,-0.4040209748743741
12.855051743718596,-0.4861523186896796
12.828240507706376,-0.582998512562817
12.781223740557941,-0.761976050251258
12.788499249690652,-0.940953587939701
12.763623201005029,-1.0452655900561665
12.542435755313203,-1.1199311256281437
12.494132874154534,-1.2989086633165847
12.449060644178973,-1.4778862010050275
12.42219465829146,-1.5795849237011823
12.399339623133256,-1.6568637386934704
12.346102334314107,-1.8358412763819112
12.293584263266755,-2.0148188140703542
12.280766115577894,-2.055399290078768
12.233619901656086,-2.1937963517587953
12.175095466590896,-2.372773889447238
12.139337572864324,-2.481975720670206
12.11464841497298,-2.551751427135681
12.05441126578641,-2.730728964824122
11.998097578826632,-2.909706502512565
11.99790903015076,-2.910301812920546
11.939788524516624,-3.0886840402010076
11.887069534533405,-3.2676615778894487
11.856480487437189,-3.3742049317653304
11.835110860195709,-3.4466391155778915
11.784627354026124,-3.6256166532663343
11.73522367829653,-3.8045941909547754
11.715051944723625,-3.873875689699146
11.68253145341989,-3.983571728643218
11.627320097088026,-4.162549266331661
11.573623402010051,-4.3226010565449675
11.566962377074129,-4.341526804020102
11.499542881921167,-4.520504341708545
11.432194859296487,-4.686378943065745
11.426537757478933,-4.699481879396987
11.34615293255496,-4.878459417085429
11.290766316582918,-4.996985705214903
11.260812584663494,-5.057436954773871
11.172141862965342,-5.2364144924623135
11.149337773869352,-5.2822415144939345
11.07950325485951,-5.415392030150755
11.007909231155782,-5.556146698816061
10.986999547978174,-5.594369567839197
10.893770228971576,-5.773347105527639
10.866480688442216,-5.827153574745357
10.798746768036873,-5.952324643216082
10.725052145728649,-6.093117564690716
10.703490914460206,-6.131302180904524
10.6040509914692,-6.310279718592966
10.58362360301508,-6.346565078367775
10.49928323929226,-6.489257256281409
10.442195060301511,-6.586444406708298
10.393066749543998,-6.668234793969851
10.300766517587943,-6.825864264981285
10.288313695686746,-6.847212331658293
10.185702280361674,-7.0261898693467355
10.159337974874376,-7.07233340943775
10.083650596702627,-7.205167407035177
10.017909432160806,-7.318089182481471
9.978336871386306,-7.384144944723619
9.87648088944724,-7.545742366533887
9.8649474832172,-7.563122482412061
9.74005028020794,-7.742100020100505
9.73505234673367,-7.7489481274243746
9.607798064811,-7.921077557788946
9.593623804020105,-7.940105153847019
9.4787936218877,-8.100055095477387
9.452195261306535,-8.13779115859336
9.359573019115889,-8.27903263316583
9.31076671859297,-8.354620976923151
9.248528083066562,-8.458010170854273
9.1693381758794,-8.587214119954945
9.139941292275369,-8.636987708542716
9.027909633165834,-8.815486554035635
9.02760650068918,-8.815965246231157
8.904191478970919,-8.9949427839196
8.886481090452264,-9.01871975119778
8.763064109154612,-9.17392032160804
8.745052547738698,-9.195194849894897
8.603624005025129,-9.34641288620217
8.596813204976272,-9.352897859296483
8.462195462311563,-9.476993706296986
8.39480200539275,-9.531875396984926
8.320766919597993,-9.59284090509926
8.179338376884427,-9.699366035223866
8.163462641372904,-9.710852934673367
8.037909834170858,-9.8079212297186
7.938002524300264,-9.88983047236181
7.896481291457288,-9.927012748400823
7.755052748743722,-10.066120214386052
7.752570558113475,-10.068808010050253
7.613624206030153,-10.225107266249015
7.594539095635059,-10.247785547738694
7.472195663316587,-10.389054989778764
7.439250775964674,-10.426763085427137
7.330767120603017,-10.542309251013668
7.268105658198254,-10.60574062311558
7.189338577889451,-10.67988235473832
7.0715659815984875,-10.78471816080402
7.047910035175882,-10.804821516134806
6.906481492462316,-10.922928302373514
6.858312292813305,-10.963695698492463
6.765052949748746,-11.0408877490008
6.644511850691511,-11.142673236180904
6.62362440703518,-11.16013144556657
6.482195864321611,-11.280323077122626
6.433162357588346,-11.321650773869347
6.340767321608045,-11.397849939130309
6.208030822782931,-11.50062831155779
6.199338778894475,-11.507293442611376
6.057910236180909,-11.609381198144517
5.949844314408992,-11.679605849246231
5.91648169346734,-11.701388811573503
5.77505315075377,-11.786788515878367
5.64381915740017,-11.858583386934674
5.633624608040204,-11.86429017566576
5.492196065326635,-11.939643406932031
5.350767522613069,-12.008128885731688
5.286204750750893,-12.037560924623117
5.209338979899499,-12.073934943907352
5.067910437185933,-12.13563367697221
4.926481894472364,-12.19085611448052
4.854245380766343,-12.216538462311558
4.785053351758798,-12.243073016191545
4.643624809045228,-12.291336404199717
4.502196266331662,-12.332936450290994
4.360767723618093,-12.36843783495415
1.7752178969499963,-12.395516
